"name, price, link"
"Apple iPhone 14 Pro Max A16 128GB 256GB 512GB 1TB Factory Unlocked New Sealed,1092.0676696344892,https://www.ebay.com/itm/334761821052?epid=26056267417&hash=item4df15c037c%3Ag%3AIlcAAOSwez9j-BJ2&amdata=enc%3AAQAIAAABAClegmffFbLpay7uZx4GtnWBDNMPE5n7h1P4xJNk1K0TQEc4PKAOVy4AcMa8uxktUKdOBRTv%2BEB3vfv%2BF%2FIGduWDLESAvP4HuI4hmy4lsKHrgyqgazpTBwrWGOnvWdjl5ZGZjAvTWevfCKKJmsZlQjVrhyTNnh834pRKh0Odh%2FSlGAZSFuuVvynmHdgLoEZL9%2Bom7Ore0JvAJmQuWUDDLgV3RVsrXA7JL7OVmyOfnuxWOrbBW88%2BOKKP1S1hlxIwC%2FIdsvnIYKoSwjNl%2FctHhXIPFT6oirSDWsyFazQi%2FemVUTWeqfnHBNhGv5XhFg%2BWN9Cb6eJwOtZduaGiQY8dt2o%3D%7Ctkp%3ABFBMlMW-oqZj&LH_BIN=1&LH_ItemCondition=1000"
"Apple iPhone 14 Pro Max - 256GB - Gold (Unlocked) Apple iPhone 14 Pro Max New US,1061.0529053420807,https://www.ebay.com/itm/334904664626?epid=26056267417&hash=item4df9dfa232%3Ag%3AUekAAOSwf8Zkgl-A&amdata=enc%3AAQAIAAAA4BsL4Sas6%2BHra27M4v8TGw1DFLQiQRED46u6fgqTBfcqBl4KsXvITg5Q%2FTF4Fi92bpj6bklvLqdj0oW4pIEjOg179MEsMVUoRDe%2FrEOS%2FGI51JkCZhzn313O64V68bugAk%2Bbwq%2FccFkqgNKpWw4lObT4%2Fc5Fce8Ar3kz%2BIIK2aiv1EKwZ6KUN0igzz0ZproyD3p56BaMokeDhpYJcNZD5bQzuUOAbCBUKQQZkjjHk5O5YD%2FAiR%2BajQTTo7zL3K99jP5FN3%2FIc2VsCiB1%2F9YnhpY2oLOscBXItlKcIlp7QkZq%7Ctkp%3ABk9SR5TFvqKmYw&LH_BIN=1&LH_ItemCondition=1000"
"Apple iPhone 14 Pro Max - 256GB - Deep Purple (Unlocked),1061.0529053420807,https://www.ebay.com/itm/335201621809?epid=22056258311&hash=item4e0b92d731%3Ag%3ABMcAAOSwGqpkgWv-&amdata=enc%3AAQAIAAAA4BybRTIaMbwUcZxHn6va7gzhCfPadQNQXfPNEPCAZzON2%2FJcJNfyimEU68FicFYew4Qw4AaQg%2Bf51aLXCK6RtszHsZC4Ov9KT2A7GUMVYVYVl25UAuUwkVzo57GtvKEaDVMo6tyq8ii7yA1qzVSF2ddsvFZzpM6taYlmUQSZ%2BWFwQ5RxBp332pvrRtEPYyVY5bQPaESpO3GGo7AB9I7T974V%2FQZZ4%2FHO6p6yyGpc%2BoZ7V18VpyJL8Tk8rTzziFPAqdn3UP5WkOS0Y8yR6dUb6rE7ILkCJ70TTPoGn%2FCYO9lP%7Ctkp%3ABk9SR5TFvqKmYw&LH_BIN=1&LH_ItemCondition=1000"
"Apple iPhone 14 Pro Max A16 128GB 256GB 512GB 1TB Unlocked New Sealed,1167.6401213683225,https://www.ebay.com/itm/354586733872?epid=19056261474&hash=item528f042d30%3Ag%3A%7EC4AAOSwT-Rj7H8k&amdata=enc%3AAQAIAAABAPLYPYNCZ%2BN3YOkyPuIjHwumQgqE2AmxFg%2Fn3Y6%2FMkGubH1Ln6k33DriGccJLsn9fyT%2Bu36GGQeRm0XhSjhYOcyOfpvxLW888h9aDvtAFHSI3fBtBrekwSu237FKMqq0j1TTD%2Bn9IlexRFNBypuR4HFczFrlFUwu3OmNN3MXeUtPjUSBowfGWfpM2Reb8z%2FtY80NxS4QDaU2pyUjUDKvhH%2FW6%2BBuC2dKXVU2Ug85e70HwZjoWxSIaHg3bGX7ndLJL809kuhcm9K6ZGkcBlJZwkMtgpGgs3R1hz2q7yTiKYVMGfIxCHKv%2Fra0zpIISf431yDmP0eiDaMDtcdUjXU7D5g%3D%7Ctkp%3ABk9SR5TFvqKmYw&LH_BIN=1&LH_ItemCondition=1000"
"Apple iPhone 14 Pro Max A16 128GB 256GB 512GB 1TB Unlocked ⭐Tracking⭐,1175.8083500468604,https://www.ebay.com/itm/354586734842?epid=11056247977&hash=item528f0430fa%3Ag%3A%7EC4AAOSwT-Rj7H8k&amdata=enc%3AAQAIAAABAMFPH3%2F35sOwuKKCZK6Cdbx2H83slFKQHPQLPUen3FsOldEaPqgPpEGs51SIc39brT%2BNCnDakvm9MNVwW%2F989ubwCwhhRBpLBKR51wtZ7%2BRQW0kIh%2FspznCsf68kQD%2FJpOq9dJHQnFfnaDK5Moqy6SaRTeOLVuOJBxO%2BUk0t0ye%2Fs5eVwuqxMRtl9uGQ%2BNrMctPS6bj%2FDThUq8I8C8CcCCWoFE5iRh%2BHuEjDPx4mwi2T5Stq8lRCIyFInXnQ0HemszN9pdDtCs47n7kYFZSDnSYQut9EYECYjgVPeRLz31504OkieLdgulOAN%2FnGipmAtDv5ucxGSNuo3eaOixOAbpc%3D%7Ctkp%3ABk9SR5TFvqKmYw&LH_BIN=1&LH_ItemCondition=1000"
"iphone 14 pro max 256gb Black & Purple unlocked new In Hand Ready To Ship,1222.7838331771322,https://www.ebay.com/itm/304746831501?hash=item46f4539e8d%3Ag%3AeH4AAOSwJ8FjjvIJ&amdata=enc%3AAQAIAAAA4HeSeImoCI4QzsaH1c6cKbfWdFr%2F2vvMaceIDCs1LWjWVMpdmxLt8rOJa%2F2h4vX66bfwhUbziT9BnyQFtEXdaO%2FApB4Yuhd6NUjIziLLhUFFl60bnqROlQRdjkwvLufTCM6UwdgdY9VmoPLwrz6GsqqM7YR2H39iXzpl0mx0qKQoNYRleaaXLk5iulzbBnYirOMPwVn4a2x9Ujjw6xk5ovF5YUJVxkNkeE8sSXR7K8CRgOCrR48%2B%2BWk813ZEqvCNHPLw6gTqC%2FyubfdhbUeolFFk6kdcp3MgaI6aWXcbfzdT%7Ctkp%3ABk9SR5TFvqKmYw&LH_BIN=1&LH_ItemCondition=1000"
"Apple iPhone 14 Pro Max - 256GB - Gold - Verizon,758.8284442361762,https://www.ebay.com/itm/225917249201?hash=item3499b7a6b1%3Ag%3A22sAAOSwZmBlWlN8&amdata=enc%3AAQAIAAAA4OlfwuDCmg80w5oS%2FWwUoa73bjMUNPjb3dscjp0E4gUeTW2MRyPjfiN8JBIU6Z%2BKskwXs8UZpicRAavWhXiTB3gmsFo%2FBuepfEvBI74CuLAj5kL1rbQazeNZFLcr4WxAZ%2BvZ6klFpXgdy%2BJs88dVhzNRrAATtpIc6aUv4TejxOw5n9G%2BJuS2Z4lV6J6iSEW5POxEY6zxt7iUKVJ1oBtwO8q9DgWlNsv%2B1WDWKiYss05qeLeUNEEDobRifkA7A7A4SZ%2FGbQOMlxDvHP5r1uaXyt2rIjdB6NHhSyETV3rQCANw%7Ctkp%3ABk9SR5TFvqKmYw&LH_BIN=1&LH_ItemCondition=1000"
"iphone 14 pro max 256gb,735.1405810684162,https://www.ebay.com/itm/145448854677?hash=item21dd6d6495%3Ag%3AJikAAOSwTGJlW4ti&amdata=enc%3AAQAIAAABADLN1qdHpTcyBNZO7umw2fazIw6Ij2w9exbbfe1AJJg%2BlFC70NqF4zuSjWR3Dv1PkNTRVKdk8Xz5HPHC7RwuwtFnpdI2R7rjuivqt27UbM%2FRyP52qy342H2tXxPOwRMifzuAPLuijXSK3XcGeeAsBnz9ZgVGc640Zu4D7L1YVHpKFUW8fmHetsV9TDKTKGhmwgVlckjW6weE6Tm5ztvg948t1mWoQmtzOMDuFTj4AsNbxCWitCdvox63sKCAVp408r1hGOPpvBVsuum%2FylBO0zHCUc%2BlKwq7MWh3j3vH7YVLXVGfUSmPb9AIdgHn%2BnNGZu09ScBPjxG6uwoYFPLMZLQ%3D%7Ctkp%3ABk9SR5TFvqKmYw&LH_BIN=1&LH_ItemCondition=1000"
"Apple iPhone 14 Pro Max - 256GB - Space Black (Rogers Wireless) (CA),944.5631354209029,https://www.ebay.com/itm/285579205624?epid=23056292551&hash=item427dd8dbf8%3Ag%3A3ikAAOSwC65lY%7ERX&amdata=enc%3AAQAIAAABAA3YhR%2Bwq3dzzcdaqCgPOTUHbyMh25Z1DpQa%2BYE9p%2FlxldizadLqTL0vaE7xf3fMnDDVUVgJc0yR9CHxOFJJLZfBoIB3zXDOOXwMA3ZeEvppZHzGOJah%2BgL6T4gQDw2vUm5cBFdEzcW7vk7EDHj6e%2BesYfEaXF7%2FevYJDJTXLph0gvHaGZZHBuR1698acF265HOG9CQxorRF6aN%2BAFoDaQTBJC4qR2L1WUcHW67U277bbyQq8oH8I6R%2BNTBFCtVQMpMy%2FAWhMhE8oyYAbOWV4fX4n91Btelw2bQirmNJLr5BnfG%2BFqyYILlRdY7GlPmaQ04lGWniVgIpPb1%2F7EcP0gs%3D%7Ctkp%3ABk9SR5bFvqKmYw&LH_BIN=1&LH_ItemCondition=1000"
"Apple iPhone 14 Pro Max- 256GB - ( UNLOCKED ) WORLDWIDE - SILVER ( NEW SEALED ),1061.8615599812558,https://www.ebay.com/itm/235394688495?epid=9056253729&hash=item36ce9de5ef%3Ag%3AwQoAAOSw4rJlqygM&amdata=enc%3AAQAIAAAA4IGiZG%2BHLtSd261NBaQrYntfie4LGL5ZiVt9s66h43o%2BRcVjvvjngD0%2FuWh68rjc%2FKQHvGoyAxX8Cq83KWamAlDJW7dWA0HxztYjEiThAERZfMrkIc99gRbQJiTMfhdF8sAx%2ByXyH%2Bcr4XX70fsA%2Bt3%2FLGiWjwHefO0PoMx5AT6EbYD7YwSVjNMDgG41yB5zPUEuCKU5QpG8FZhRWCdnjOALLL5o%2FZXRBW8DeBjgv6c3hdUZs3sgun1xLv%2Fo9pynMR9FF2dNZ67Ku%2BYwQsEoM4FZK47dD3T1mJRL%2FpNlYsCq%7Ctkp%3ABk9SR5bFvqKmYw&LH_BIN=1&LH_ItemCondition=1000"
"Apple iPhone 14 Pro Max - 256GB - Deep Purple (Unlocked),816.8228678537957,https://www.ebay.com/itm/225958305057?epid=22056258311&hash=item349c2a1d21%3Ag%3ArDAAAOSw0L1j4pM4&amdata=enc%3AAQAIAAAA4IrPKFJmKYRbyo4V%2BJrrUrF49FFwx55n3HoZkDjDY0CZ0a%2F1OeFZHiVlMwscwjxj41jB8vfJWGWZYaYltSaWwvxJSwI0QIy45Y9QGeMzzvkSw5Fn7yjdKCwu1wZ86M7QF%2BinxY%2FT4FD6h9064utC8Nmfgga9bEJh4by4TvfPxIr0qeIrLILoXxRxU24eUdnhCb0U6ePxVE7zkx%2Fa3E8D6ExF9TuHJRQlCP%2Bo5LclP4swscD2WIDv57W95Uw8XDghrPb4vaMqfQ2cTMdc9XPf%2BHI5jixhoTHQV8YHyRGLUIXo%7Ctkp%3ABk9SR5bFvqKmYw&LH_BIN=1&LH_ItemCondition=1000"
"Apple iPhone 14 Pro Max - 256GB - Space Black (AT&T) Brand New in Apple box,571.776007497657,https://www.ebay.com/itm/196193914820?epid=3056262032&hash=item2dae118fc4%3Ag%3AixcAAOSw0wRj4pMr&amdata=enc%3AAQAIAAAA4H5XUadX9J9K6CLcF6h%2Bbo7mMBgilIquh%2BRpV3IqlHERKx63alvNw%2Bg3fCSK49IcG8RWfb%2BT%2FeohKcVeSdZe0RRzn2siFXoDl5D0uEzwXiXALJzgH1HJfzcvfsm6k3Rj0e6CxdwlU7PFpRALDk3ILJcepyTic%2BFLYoNJClBI8xSW2AgSTxeBSPNuH4%2FQfLHW46ipnJni22nUQC%2BQvNAL4JS6A8xZBIY2kOeonnGIRfP1%2B1loTwEedNjtSMt2mwef6r6%2BzU64Cgqz077XsW3URoINelAGXDDoq8l8Or6G5KxM%7Ctkp%3ABk9SR5bFvqKmYw&LH_BIN=1&LH_ItemCondition=1000"
"NEW LISTINGApple iPhone 14 Pro Max - 256GB - Deep Purple (T-Mobile),612.6171508903468,https://www.ebay.com/itm/395151084115?epid=11056248093&hash=item5c00d70a53%3Ag%3AwGoAAOSw3DhloYEM&amdata=enc%3AAQAIAAABAOVzcoVMpiNEWZ7c7SMIfrM9GeuKnB5wS4PkMxv4puv4L%2F1k3mueL4ctMc1lmhnJ8YtsNP%2F0Hgd5xuKk0bnzRso11YorDuqa%2F0vQCCaEXQZMM1ewPv0TgCY2uBVqsNWJkRmTr6Xb0ZTjwjAfJ071W%2FxoRNXhn4m3hAVw1LBfgaQh5lg3jE0RGzc11g7jju7P5K5LdT%2BoXiz8haY7MW9gW1EzFWldHxV0oY%2BeVWBeRhrOjlMj7vuk%2BsMc%2FfeQilnwyrhJomdqsCuFOAUt4fzxVYmyBE9baFV5BqbyaiqIih6aABxs5JF%2FwoUHty%2BRZ1BhtJrVnWzuGwmBYUAhBHQRjIQ%3D%7Ctkp%3ABk9SR5bFvqKmYw&LH_BIN=1&LH_ItemCondition=1000"
"BNIB Apple iPhone 14 Pro Max 256GB Silver - Verizon w/ APPLE WARRANTY!,775.981724461106,https://www.ebay.com/itm/126185263301?epid=21056262194&hash=item1d613a50c5%3Ag%3AwqcAAOSwy9xj4pNP&amdata=enc%3AAQAIAAABALjAkkHbL%2BJ8296cjbmKwfyqL7nxvjG43iLBF2Qq3yla6HWppufwkON%2BGejPaHsGQBL4MhQ%2Fp%2FGtc5i45VDzXLH8OttBNyB3vDY2sp%2Fj9SwPZJqkEsOd9fKgmWXmSY9FEM2UBNtdHtHPxN17oDL%2F%2F6ww4RtT73Jdi6tqNFZ4kmt7VjZW5jfeunmM9qzsyySc6GC99CJESmDve9qnMVTrXrRnQq3Rufq5CXD4uaakF7JVwoYRWXD0euNyENulIz9yF3fcw1QzW6HlYalhhdmJVzhcVvIyZ1DAZIFlB6r6H7qldk1y%2FWw26XpLrdF%2FZ4KEXVWHZeKWHNqzrFgC5TIA9hc%3D%7Ctkp%3ABFBMlsW-oqZj&LH_BIN=1&LH_ItemCondition=1000"
"Apple iPhone 14 Pro Max A2651 256GB Purple Verizon Clean IMEI,882.1605290534209,https://www.ebay.com/itm/335132120846?hash=item4e076e570e%3Ag%3AYE8AAOSwigVloGVa&amdata=enc%3AAQAIAAABAPqwweScA63jQo4btN92kffZoi7ypuu1K47FnaHZdUE5txrRSzyQ9fBbFa80N57zF90o26u4I8k%2Bk0Xe90zkGqDnii%2B%2BzFax%2BgPhtDjZWiDopr3EQp%2FG7gSdOOqWgKFSrSuVhF2dD0lnP%2FMWqWSzAr48cNPR%2FvbMYP%2BWhR8vVjaH4sH8p8nncCwsKYIx5IBQK9kvcx9qpa5%2BLYKt8D6Uh3kM1h%2FgwdTr%2BvxHOmiD3thijldna1mlYR%2BH%2BTpGeZ24Wp9%2FcTVCoHpkRt7Spw1KcM3f6uaYy%2B8OZb8wDHOhbwR4F3zRPgYUud7lla%2BQ2vIUIRM3vav2hUxhESc2tzIaYLk%3D%7Ctkp%3ABFBMlsW-oqZj&LH_BIN=1&LH_ItemCondition=1000"
"Apple iPhone 14 Pro Max - 256GB - Deep Purple (Unlocked) - FACTORY SEALED,954.8659325210872,https://www.ebay.com/itm/225901255601?epid=4056251221&hash=item3498c39bb1%3Ag%3AwdEAAOSwgptkR7aJ&amdata=enc%3AAQAIAAAA4EixiMjITQWf1iACdmidw9tA3%2BCuA4LOyjCjCx0ZgeVOoaT0tPDGS6%2BWGYd6sWCI7ZTOcJE8tptu5oE6J5ZwaxvbdLCLfHqM50gAp33J483XrA%2FKsEede3mZIDRwHiNxi0%2Bg2URWV3KOmIEsw5KVnd%2FsPsjhcRENzAkatUGM2PwyB5ovsnplukblKr%2BXaCiAeiQ5hwe4RlhxOWqAITVXnq7j2QwMIFXXS4XNl0VaOoPXeysycVvw5CO5aesA0r06nysUGiUv468X4aOlDyvflEKEN5xZA2pf%2B0rKS8sSzgO2%7Ctkp%3ABk9SR5bFvqKmYw&LH_BIN=1&LH_ItemCondition=1000"
"Apple iPhone 14 Pro Max - 256GB - Space Black (Unlocked) - FACTORY SEALED,980.1792731958764,https://www.ebay.com/itm/266538590336?epid=24056253053&hash=item3e0ef02080%3Ag%3Av8EAAOSwoI5j4pM5&amdata=enc%3AAQAIAAABACbbDhUNldHBMGXBdGYRpGJ%2BLslLaQom1YjJWhdw8FLfWIgEpFxH%2BL7Rpsb3rve%2F7qBIHybOd0D4gsd9QfDtYlsITF%2Ff5FenYqZyt4PDTT%2F9dvi6SPMHnZfIoOhOPHQEuttnE%2F8j1I58ZZo7mZBJOWy0He6paNu3YyBeeRYEpMqA%2F4iFjJjZxr7T3QzwQKjUv0RWuJLV%2BKpkq3KsFPWRZ7wzqOpOGtXmaDAfYxqmpsQ1xQMZKK9zRNmf2%2Bqsdy6ZVR4Wn%2BLa52j4bUncDSe0qCUwN0okFHDLOttDGhGQGXa1f5VQ%2B7uFnvPFi%2BtnBLcy18NVdeIWTzRGaQzhnZ5fHfk%3D%7Ctkp%3ABk9SR5bFvqKmYw&LH_BIN=1&LH_ItemCondition=1000"
"Apple iPhone 14 Pro Max - 256GB - BLACK (Unlocked),1102.7108716026241,https://www.ebay.com/itm/325959855440?hash=item4be4b8ad50%3Ag%3Aq60AAOSwDJdlmtrV&amdata=enc%3AAQAIAAABAEqGyatI1C0FapiTGfGtUCuq7yNvovQoZBn4jiH2WxuilGuVAkQ7nSPuDthLQPW3RYhHUI1uUQROEFQI9SRGElxqUZXW8LqKSPl4erhOfOebRnvRtOZ8EIEUVhdV7Zxx6nDtmCRTHNYoncimkTa3UnxIY1tzQcauAvSu2fQHZ8De1MwhBzyBmFLEPgujMQQBdx%2FnjOzxqlcvQy8J9auwebEiWyky9eqfFhn7C%2B%2FmSxNaVnLgMZI48TJ5xii2fvJLXtP38hl3naxYdR%2FRlpZ2vUowy0LkUKUXEh1kvC5RlzUxvDTPg3jNABF1FVi%2BcuVx3c9bf%2FAUXkI6yznowUPYa60%3D%7Ctkp%3ABk9SR5bFvqKmYw&LH_BIN=1&LH_ItemCondition=1000"
"Apple iPhone 14 Pro Max - 256GB - Space Black (Unlocked) A2651 -BRAND NEW SEALED,979.9832357075915,https://www.ebay.com/itm/266566681206?epid=6056270182&hash=item3e109cc276%3Ag%3AI54AAOSwPJhle2UG&amdata=enc%3AAQAIAAAA4PkSrowoTKIqbDXhw6M6AeAUynukffC%2Bli4Tboa%2BszWY9YNPgytjz7bUFhkcZCr%2Bs%2FyYSl%2Fp0cQvvEawQ7KW2v%2BEwG7GO%2BIQ3kd0tAixDtKySqm7acPB42t2pBXZ4wv3tjTClLHDTOAadvTCi%2FsqDFutPXjKqSPJCRcy5kK0V6v4giq5j9zuhzz9hPNDB3qTYdtWJ82QvroDEVXwM4jUSLAjXj%2F810hwFvu7z59Guk3s1kVwTJjb5dv5Y%2FjDk5ctGA%2BLfIvM81ZNyZL950TZbtGZHwSeXKFTsMMXIiE91NSL%7Ctkp%3ABk9SR5bFvqKmYw&LH_BIN=1&LH_ItemCondition=1000"
"NEW LISTINGApple iPhone 14 Pro Max 256GB Verizon Locked Gold New Seal,755.561152764761,https://www.ebay.com/itm/266629291089?epid=18058156347&hash=item3e14581c51%3Ag%3AZh8AAOSwV0VlrkXv&amdata=enc%3AAQAIAAAA4IC9TU8mc4ABPU4iP7yQvsO9K5HPSnNOMPRv9ALXbB8jUyjuKOtRRpQt3oDjAFDKtaoackuALbsS7C288TfuYqLRM0nsHT1OZWWGSwb70AYkWSdad7UWItnTmeZHFOn6LOHYEEq25vEpjohNMCCH0dBY%2F7UB9E6AxOOulalELtcUS589THJoQ32SNXb7QnH%2B25HfeRkXKe0PaPqQxToHyn6%2BFwxi7rQIZ8yCjfK6nYWXwKo9CUHHCJNBMkzcOMiLYODKgwDoNmK4tG0XJIA9FgSs00Agsndf42YGufDRgUEy%7Ctkp%3ABk9SR5bFvqKmYw&LH_BIN=1&LH_ItemCondition=1000"
"NEW!✅Apple iPhone 14 Pro Max - 256GB - Gold (Unlocked) Ships Today✅,1008.8660923149016,https://www.ebay.com/itm/404634618960?epid=26056267417&hash=item5e361a4c50%3Ag%3AvWkAAOSw4IJlVlGJ&amdata=enc%3AAQAIAAAA4NdWaaTaIElafQn42Y95ts4aP3DqKEQPqQtPR0ozVkT5fnzvJD96%2FdB0ImjTPZSyOG6L7l2U%2Fw2tpkW%2BCu0QMqBSw%2Bh%2FFsKG3WWHEvqHWyF0bFOcrEVNgDaaaqO9yodGRUW6Tp66eYrA18klibudMOowQHGfNbUU92qwFdcm8eMYEkuW3VjkS2nXEMLxGNR31FIibfcdkrVydDTIK%2Fr%2FH%2B5bM0avtFr8Cd1LF4Z3bbkpKUnyQAiK49BP9d%2BrC7L%2Fe0iGrKE6hnVb4QWYhaGZTKXoBjJVN6WDoJT7%2FOVCuZ6f%7Ctkp%3ABk9SR5bFvqKmYw&LH_BIN=1&LH_ItemCondition=1000"
"Brand new factory sealed Apple iPhone 14 Pro Max - 256GB - Gold (Unlocked),1148.8613636363636,https://www.ebay.com/itm/125879508005?hash=item1d4f00dc25%3Ag%3A8FUAAOSwyiBkNui2&amdata=enc%3AAQAIAAAA4Iqy8v5LAMUPUtFgAw6yG3NqtlvyYgfDVKObAyo9FEpvNhZweiw%2BeoR%2FluL01zy6%2FLZocSFoB4YL8SeEGHSuLNctKM%2BvBib3C2h23%2BCgYBzLSu3Q9gqoBtWMPCE7B11uvp2aPbIq4DbuyiBOWoa9fdyWQ1Ji%2FsqW720wKFtIwo61A76YaPiwgawjGdYvXf9PIuwKT5g7nLuCJypxprdttB13NMplYX6AFhQcJkbfFFXC6RT60oQxg5m9Sp2Ud%2BKRFElqVDG2UXa9UEE2HuBcznvFfZp7q6aYzLPgB8WJmJho%7Ctkp%3ABk9SR5bFvqKmYw&LH_BIN=1&LH_ItemCondition=1000"
"Apple iPhone 14 Pro Max - 256GB - Space Black (Unlocked) A2651 (GSM),988.3556701030928,https://www.ebay.com/itm/314511870108?epid=6056270182&hash=item493a5e489c%3Ag%3AVycAAOSw9mVkMPX8&amdata=enc%3AAQAIAAAA4AfuD8rJ1eAoo%2FtP38QBQZllYFL9sJsNjk6nGurc8TtY%2FR8q5MPEmZINbxT1ZV7thgq1hrQepuDZnmexcEQ5RoIw31Jll6q5Vi3fRO%2BKg7yS4X4rV57gXfeEC7wrtx4B51dG84XMkT%2FlWbFEoqzWakU7A5WRTPoxhjVkPGHuvJ3wv0e7j%2FZ%2FCpnoil8GPwIJwG10WA%2FrFUg%2BrLVcmWxtHBmJw7i8KKqgBjZnuvYeA6zb0EVp46DXTOXvkY1hrZ67CnNa0HPDiIuZWDTdcQssyW25Uf%2B3T6TIjSOTPPV%2B5v8t%7Ctkp%3ABk9SR5bFvqKmYw&LH_BIN=1&LH_ItemCondition=1000"
"Apple iPhone 14 Pro Max - 256GB - Space Black (Unlocked) Ships Today✅,972.7135121836926,https://www.ebay.com/itm/404627656521?epid=6056270182&hash=item5e35b00f49%3Ag%3AQR8AAOSwkuBlVlBk&amdata=enc%3AAQAIAAAA4AuMUkff8KyKfg4dUn%2F5tILBnKMBsjqvR%2F8VL2Dv%2FPKDqcrSdJnoM41b4uqW2vAcoQ76rGTSdEto%2BFiiHcloAl5uDTLM7sjINMFEespYYc4k6sCF63ZTdI93imbbxr%2B17onq0Iz6IxSohyu2%2F39Ovxvi4PQeJLBCGUw4wHo2BDNH91Imfe1QQnvqRPqvfsPTzI%2FpaDcacwUiZhoRPfOGNRrwKgl0njWuKRxeHFvVyhwK5%2BzXPoa23jrXp96QC8FtNEu4siOap9tQYd7N5LaZx8%2Fj2DcDJOPBF1h6NvdHYiRN%7Ctkp%3ABk9SR5bFvqKmYw&LH_BIN=1&LH_ItemCondition=1000"
"Apple iPhone 14 Pro Max - 256GB - Deep Purple (Unlocked) Ships Today✅,1083.090786316776,https://www.ebay.com/itm/404627649502?epid=22056258311&hash=item5e35aff3de%3Ag%3Ars8AAOSw-cxlVlLL&amdata=enc%3AAQAIAAAA4GLzEbIMXPHqWI7s8SIJNesJv8DpeLPYx5aXOzOAAm%2B%2BC81%2BPhBTqSdkGYmNFWgri5ln6hJj54uq3%2FZGjSwcH7ISAo3V40GMNDotQPjA8Ye5fusJjt87kD%2B5luoKUS16EUvJUe2CtsiJR%2BzWz80Duq2zANR8381uKrro%2FfY%2F7vyo0oZ5GvqNdM5pYeSKXZgCVW6bzFTI87ypnIWA4wUoBTvkhTeuzyV3f%2Ff1868rp0nsDYwOcTL2mojJcau5ocnRALH4TXbmdVwQFO3Qi1gd5d6G%2B5YdRI04fqv43YCHYkbS%7Ctkp%3ABk9SR5bFvqKmYw&LH_BIN=1&LH_ItemCondition=1000"
"Apple iPhone 14 Pro Max - 256GB - Gold (Unlocked),1224.41747891284,https://www.ebay.com/itm/305057019318?epid=26056267417&hash=item4706d0b5b6%3Ag%3AL0gAAOSwOANkjIBk&amdata=enc%3AAQAIAAABAISdz3ZxIvO%2FVv2g4K87dEfAaf%2FDHQml3I8rrnd9fKDqGYGlHqaTdZko3uLYY%2F5OHVvVvJPz%2Bb0tLuEkjvqgRWbrYJn%2FWb2eCMyBxTGeU4LzTXK%2FxBBdVXJBTiwuVRUTdGRSkp0aQftxPJCH7LTf3YlPEhUo4SsTXlgFYPcYP6J32XQFlwM9GIal6djrC%2BL6BoMkxXLrX%2BlhlrK8Nj2lqJYYAxygm9tRc71X6iJcbyrewt%2BnILMKZV4BViH0dFssywikNvJim2gWN%2BeXUscYtYNXgXtyK4YvbgTArWp7lk24VH%2BaZO9y%2FO4kbe3KTSdy7W%2Fjy5jV9kSxfqfqM1Ax%2FtE%3D%7Ctkp%3ABk9SR5jFvqKmYw&LH_BIN=1&LH_ItemCondition=1000"
"Apple iPhone 14 Pro Max - 256GB - Space Black (AT&T),898.5051546391753,https://www.ebay.com/itm/364303365252?epid=3056262032&hash=item54d22c3484%3Ag%3AixcAAOSw0wRj4pMr&amdata=enc%3AAQAIAAAA4Pnb4J6Gbkt02AcEP%2Fx7I8llC7VmTfU4LoagbXeiWIAXxyFK%2BLIeoVyvXGQ0M4%2FBJZd%2B5qVCUhggwPzeviw0uO4xQ16eMu9TM0Hbfdl2nVcM7M%2B9Ii4A%2FRX%2FlCnVP6MgQrv6sOjcNTsGZhDofzP526tT3rL4nUutqPqopkgNOWgvmFmhSSa24jQXhq0PgV0SItiMEE6P%2Bpdf8XlBDq%2FVUhKw7saxGb7LIiiQsIkbGVVFp3r1BNK4WY4uJGzRgb83VeMLxFbo3Vy3nZAUZ2%2FhhIjZyZfLB6fA8FPZQoGkOaWc%7Ctkp%3ABk9SR5jFvqKmYw&LH_BIN=1&LH_ItemCondition=1000"
"Apple iPhone 14 Pro Max - 256GB - Deep Purple (T-Mobile),898.5051546391753,https://www.ebay.com/itm/354996250031?epid=11056248093&hash=item52a76ce5af%3Ag%3AA5sAAOSwZZZj4pM2&amdata=enc%3AAQAIAAABAEb%2BdKwSTH4sdetlXff45ln0HVFzLZhgX2OmoEhLtTJ2t0DBZC9abVXjjKEmWNpr%2BJdGgAguZdCPVSe0f8uPq1UChRcoH5XoeY%2BanWcz1JbsXttd6YmSixCIyoFQvkzV96LFZ8b9w39IUqCVA2osZpB%2BbpW%2FdEXrVcoAkCY8XxJRrtX6tU53vJKVCkgDr8DIsRebw%2Bc%2B5xpX%2FVd%2FuN39T7q8bhh36W8vGOFbvswAPTUvI6k9XYKXHXVOyPrv87vzjc%2BPX%2FfanKDN%2Fr%2FzQhnX4J648OY3Iid4PtyQeI02Bw%2FOvhQKzjr%2Bay2lKmfepSry%2BKvGBzFPWBmsa4oTfj3eXY4%3D%7Ctkp%3ABk9SR5jFvqKmYw&LH_BIN=1&LH_ItemCondition=1000"
"Apple iPhone 14 Pro Max A2651 128GB Purple Verizon Clean IMEI,841.303049203374,https://www.ebay.com/itm/335099425124?hash=item4e057b7164%3Ag%3An7AAAOSwyEFloG4r&amdata=enc%3AAQAIAAABACOTxfK%2F5bFWwOIGllSU8w0EE36a3hsV8BejU2CPCEgP5q21gmHB9Gr6fs1loqoMIuf6UhTm7vU0vtskGW2M%2FsfoS0JkxP%2FAJwdY9XGWrfIIvuEfCYCQp9u%2FORtP6wTiykxqNxlDger%2FjeTED67EwU0DzJ4P4NIbTd%2FdmUSVmn%2ByuqR71ZPrdZRtmdo3O9jcqWUkodjGm6pNjOzXAPNp9ZeK7oiGO1wB3HzhVTNLZS8sr4mR0fCfpZB7LJLgQ2IkcKSqpH5DArb81Apfy%2B76Q%2BALzth%2Bo7M27XpIkAAsjZGGlVeMUsXmaXcusWg1Cx1qHhWXo8fPtKRWf1uSjoUJjIA%3D%7Ctkp%3ABFBMmMW-oqZj&LH_BIN=1&LH_ItemCondition=1000"
"NEW Apple iPhone 14 Pro Max - 256GB - Space Black (Unlocked) APPLECARE+,898.5051546391753,https://www.ebay.com/itm/395044308567?epid=6056270182&hash=item5bfa79c657%3Ag%3A6QIAAOSw4atj4yjI&amdata=enc%3AAQAIAAAA4LCRpn4FDna0OB13dpf763VHv4PeH07ANXvd6xCUW%2Fhew7Hl2PWk07IXaY3r62ngZOV1G4AASWnJ%2Fx2WxJGi7uoX2rdJZy0A1cdbzzIitRRlahJxIG8UO%2FA%2BNfiEBxRbBfdVjueLWUocH0jktZ%2FBJtwzeuG%2BqlZJg5wms1WZvVfh8l%2Brc5fuHL4mYzmpFMXFXExc1yF1XByDOO6aySowA3pGLuxQrwoXorN3eFxwl9%2BaKYxDVnohhF7zENx8U%2FBSJ9AjHrppHcGpL033REKfJ6Z9i6%2FsR9svDE6342opm%2BS1%7Ctkp%3ABk9SR5jFvqKmYw&LH_BIN=1&LH_ItemCondition=1000"
"Apple iPhone 14 Pro Max A16 Unlocked Smartphone 128GB/256GB/512GB/1TB New Sealed,1088.0080599812559,https://www.ebay.com/itm/266131798904?epid=19056261474&hash=item3df6b0fb78%3Ag%3AVx8AAOSwxylj7D8D&amdata=enc%3AAQAIAAABAIKHQtMWSOpRNO2O2CzcAsAx9ow1B2CnNWk3z0E%2BNUxoKb0arcxOdkJj83wIt7hCuuKx%2BwBoWfsPPTnD8cEqaG6jS4abiL1Cexi6RCytXrJXpRybFlmpZhlrXsJxd8PS6RjtRsICs%2BLtAnn2x%2Bt3X9fwCbewmqiu2253QrmkK9wJX%2By5otDuOeJJNdohNp2TzRhqlPVZB%2FLTJw3ICMAQI8oZ%2FguFrR4a3snr%2FXy2u1WDVQb%2BCrV2c0NvAkd%2FoXSVm%2BI9FfYOjjM4EBhcabhBnF%2BKO9L7a9Y6l9RZ8X%2FlxnWunJ9U9vRTER%2B4k9VOsHwtRvK2fgtczHhwv4FoyptBx%2F8%3D%7Ctkp%3ABk9SR5jFvqKmYw&LH_BIN=1&LH_ItemCondition=1000"
